DRS,GVE,Região de Saúde, município,SE01,SE02,SE03,SE04,SE05,SE06,SE07,SE08,SE09,SE10,SE11,SE12,SE13,SE14,SE15,SE16,SE17,SE18,TOTAL
17,XXXIII,35172,3503505,0,0,0,0,0,1,1,1,1,2,2,3,4,5,9,10,11,12,12
6,XVI,35063,3503604,0,0,0,0,0,0,0,0,0,0,0,0,0,0,0,0,0,0,0
15,XXIX,35151,3503703,12,33,57,95,166,199,225,241,251,263,264,270,271,276,280,280,281,281,281
7,XVII,35072,3503802,1,1,2,3,4,4,5,5,11,15,21,28,35,38,40,43,43,43,43
1,VIII,35011,3503901,0,1,2,2,3,3,4,4,4,5,6,7,8,8,9,10,10,10,10
15,XXX,35153,3503950,0,0,0,0,1,2,3,3,5,5,6,7,7,7,7,8,9,9,9
9,XIII,35092,3504008,3,8,16,20,36,65,98,138,200,259,317,362,412,458,489,537,577,620,620
7,XVII,35071,3504107,7,13,16,23,26,31,37,46,53,61,69,72,74,80,81,85,86,89,89
2,XI,35021,3504206,0,4,5,9,14,21,25,30,37,43,50,57,61,68,69,76,79,79,79
6,XV,35062,3504305,0,0,0,0,0,0,0,0,0,0,0,0,0,1,1,1,1,1,1
2,XI,35023,3504404,0,0,0,0,3,4,4,4,7,9,14,18,21,25,32,34,39,41,41
6,XVI,35061,3504503,0,0,0,0,0,0,0,1,1,2,4,7,7,8,8,8,8,8,8
15,XXIX,35155,3504602,1,5,8,10,16,20,26,36,40,42,42,42,43,43,44,45,45,46,46
6,XV,35062,3504701,0,0,0,0,0,0,0,0,0,0,0,0,0,0,0,0,0,0,0
15,XXIX,35155,3504800,0,0,1,1,1,2,2,3,5,7,7,8,8,8,8,8,10,11,11
17,XXXIII,35172,3504909,0,0,0,0,0,0,0,0,0,0,0,0,0,0,0,0,0,0,0
6,XVI,35061,3505005,0,0,0,0,0,0,0,0,0,0,0,2,4,6,6,9,12,12,12
2,XI,35023,3505104,0,0,0,0,0,0,0,0,0,0,0,0,0,0,0,0,0,0,0
6,XV,35064,3505203,1,3,3,3,4,6,11,14,15,15,16,17,20,23,33,45,51,55,55
6,XV,35064,3505302,0,1,1,1,1,1,1,1,2,3,3,3,3,3,3,3,3,3,3
16,XXXII,35162,3505351,0,0,0,0,0,0,0,0,0,0,0,0,0,0,0,0,0,0,0
12,XXIII,35121,3505401,0,0,0,0,1,1,7,10,22,35,36,42,44,49,49,49,49,50,50
5,XIV,35051,3505500,2,2,6,8,8,11,16,20,21,24,25,27,30,32,32,34,34,35,35
13,XXIV,35131,3505609,1,4,8,14,16,23,32,38,50,63,77,77,82,82,82,82,83,83,83
1,X,35014,3505708,0,0,0,0,0,1,1,2,2,3,4,4,4,4,5,6,6,6,6
9,XIX,35095,3505807,6,19,52,92,177,339,509,618,729,750,770,809,873,898,901,902,902,902,902
13,XXIV,35133,3505906,0,0,0,2,2,2,3,4,5,10,12,13,18,19,21,22,24,24,24
6,XV,35062,3506003,17,37,59,102,170,211,258,314,359,405,449,465,483,502,510,518,530,537,537
5,XIV,35052,3506102,0,3,4,8,13,15,21,38,63,82,111,123,144,160,176,192,205,214,214
2,XI,35021,3506201,0,2,2,4,4,13,16,17,17,18,20,20,22,23,24,25,25,27,27
9,XIII,35094,3506300,0,0,0,1,1,1,3,3,3,3,3,3,3,4,5,5,5,6,6
4,XXV,35041,3506359,1,2,2,3,4,5,9,11,12,13,13,14,18,19,19,19,19,20,20
2,XI,35021,3506409,0,3,3,8,10,13,17,19,26,29,33,35,36,38,41,42,44,45,45
2,XI,35023,3506508,6,21,32,49,78,124,163,184,226,272,302,338,368,390,400,412,416,420,420
1,VIII,35011,3506607,0,0,0,0,0,0,1,1,1,1,1,1,1,1,1,1,1,1,1
3,XII,35031,3506706,0,0,0,0,1,7,11,12,20,22,23,25,26,26,28,31,32,34,34
6,XV,35064,3506805,0,0,1,2,4,4,4,4,4,4,5,6,7,7,7,7,7,7,7
6,XVI,35063,3506904,0,0,0,0,0,0,0,0,0,0,0,0,0,0,0,0,0,0,0
16,XXXI,35163,3507001,0,0,0,0,0,1,5,7,9,14,18,22,24,30,35,39,40,41,41
7,XVII,35071,3507100,0,1,1,1,1,1,1,1,1,1,1,1,1,2,3,3,3,3,3
16,XXXII,35162,3507159,0,0,0,0,0,0,0,0,0,0,0,0,0,0,0,0,0,0,0
9,XIII,35092,3507209,0,0,0,0,0,0,1,1,1,1,1,1,1,1,1,1,1,1,1
6,XV,35064,3507308,0,0,0,0,0,0,0,0,0,0,0,0,1,1,1,1,1,1,1
3,XII,35032,3507407,1,2,9,9,20,24,35,42,55,69,73,76,80,84,89,98,101,110,110
6,XV,35062,3507456,0,0,0,0,0,0,0,0,0,0,0,0,0,0,0,0,0,0,0
6,XVI,35063,3507506,1,1,1,1,2,6,6,9,11,11,13,13,13,13,15,18,18,18,18
7,XVII,35071,3507605,0,0,2,3,6,11,12,15,20,26,33,36,39,46,48,51,53,53,53
2,XI,35023,3507704,0,0,0,0,0,0,1,1,2,3,5,5,7,11,13,20,24,25,25
2,XI,35023,3507753,0,0,0,1,1,3,3,5,5,5,5,6,15,19,21,25,25,25,25
13,XXIV,35133,3507803,0,1,1,2,4,6,12,17,19,22,27,32,35,39,42,44,44,44,44
6,XV,35064,3507902,3,7,15,18,24,43,63,81,104,136,167,193,205,216,216,231,242,248,248
16,XXXII,35162,3508009,0,0,0,0,0,0,0,0,0,0,0,0,0,0,0,0,0,0,0
2,XI,35023,3508108,6,16,25,42,62,90,112,136,183,225,273,297,329,350,373,393,418,430,430
8,XVIII,35083,3508207,0,0,0,0,0,0,0,0,0,0,0,0,0,0,0,0,0,0,0
6,XV,35062,3508306,0,0,0,0,0,0,0,0,0,0,0,0,0,0,0,0,0,0,0
7,XVII,35073,3508405,0,2,2,2,2,2,3,4,5,5,5,5,7,9,11,14,16,18,18
17,XXVII,35171,3508504,0,0,1,3,4,7,13,15,20,28,32,32,33,43,46,50,54,58,58
17,XXXIII,35172,3508603,0,14,19,24,36,48,72,87,107,135,159,178,206,215,228,242,249,251,251
14,XXVI,35143,3508702,0,0,0,0,0,0,0,1,1,1,1,1,3,3,4,4,4,4,4
6,XV,35065,3508801,0,0,0,0,0,0,0,1,1,4,6,6,8,9,13,13,15,15,15
11,XXI,35112,3508900,0,0,0,0,0,0,0,0,0,0,0,0,2,3,3,3,3,3,3
1,IX,35012,3509007,0,0,1,1,1,1,1,1,1,1,1,1,1,1,1,1,1,1,1
11,XXII,35114,3509106,36,80,122,134,138,154,159,163,166,166,166,167,167,167,167,171,174,174,174
1,IX,35012,3509205,0,0,1,1,1,3,5,7,11,11,12,12,12,13,13,13,13,13,13
12,XXIII,35121,3509254,3,11,25,52,87,182,370,633,833,924,933,942,999,1035,1041,1057,1075,1089,1089
5,XIV,35051,3509304,0,0,1,1,1,1,2,2,4,9,10,12,18,18,22,22,22,23,23
13,XXIV,35133,3509403,0,0,0,0,2,7,9,9,12,19,21,25,27,34,36,42,47,48,48
16,XXXI,35161,3509452,0,0,0,0,0,0,0,0,0,0,0,0,0,0,0,0,3,3,3
7,XVII,35072,3509502,19,66,113,187,258,385,539,708,896,1149,1411,1631,1833,2019,2228,2434,2627,2762,2762
7,XVII,35073,3509601,0,1,1,2,2,3,4,4,4,4,4,4,4,4,4,4,4,4,4
17,XXXIII,35174,3509700,0,0,0,0,0,0,0,0,0,0,0,0,0,0,0,0,0,0,0
9,XIX,35093,3509809,0,0,1,1,1,1,1,1,2,4,5,7,9,11,14,24,31,32,32
12,XXIII,35121,3509908,0,0,0,0,1,1,2,4,6,9,9,11,11,17,21,24,27,28,28
17,XXXIII,35172,3509957,0,1,1,1,3,6,16,24,29,36,40,44,45,47,48,48,48,48,48
9,XIII,35092,3510005,0,2,3,6,9,14,21,29,42,59,74,90,123,151,165,186,199,215,215
3,XII,35033,3510104,0,0,0,0,1,7,10,13,13,15,16,16,16,18,20,20,20,20,20
9,XIII,35094,3510153,0,0,0,1,1,1,5,5,8,8,9,13,14,16,17,21,21,21,21
16,XXXI,35161,3510203,0,0,0,0,0,0,0,0,0,0,0,0,0,0,0,0,0,0,0
16,XXXI,35163,3510302,0,0,0,0,0,0,0,0,0,0,1,2,2,2,2,2,2,2,2
10,XX,35103,3510401,1,2,3,5,5,7,7,8,8,9,9,9,9,9,9,9,9,10,10
17,XXVIII,35173,3510500,7,15,25,44,64,86,108,130,163,226,326,369,378,390,402,402,404,405,405
1,X,35014,3510609,0,0,0,0,1,1,1,2,2,3,4,4,5,5,6,8,8,8,8
15,XXIX,35157,3510708,5,13,26,36,50,60,68,73,84,91,97,102,116,128,139,150,156,156,156
14,XXVI,35143,3510807,7,19,25,38,48,71,104,160,215,278,335,369,394,429,472,525,571,590,590
13,XXIV,35133,3510906,0,0,0,0,0,0,0,0,0,0,0,0,0,0,0,0,0,0,0
2,XI,35022,3511003,0,4,8,12,26,41,63,91,127,176,207,224,254,278,295,305,316,322,322
15,XXIX,35151,3511102,173,470,945,1728,2792,3798,4687,5253,5738,6190,6493,6656,6790,6885,6957,7025,7105,7159,7159
15,XXIX,35151,3511201,0,2,5,11,12,17,19,21,25,25,26,26,26,26,26,26,26,26,26
15,XXIX,35155,3511300,0,0,3,4,6,10,12,13,14,15,17,19,19,21,22,22,22,22,22
6,XVI,35061,3511409,0,0,0,0,0,0,0,0,0,0,0,0,0,0,1,2,2,2,2
16,XXXI,35161,3511508,0,0,0,0,0,0,1,2,3,7,9,11,12,12,12,12,12,12,12
16,XXXI,35161,3511607,0,0,0,0,0,0,0,0,0,0,0,0,0,0,0,1,1,1,1
10,XX,35103,3511706,0,0,0,0,0,4,5,5,8,11,14,16,19,25,32,39,57,64,64
2,XI,35023,3511904,0,1,2,5,6,11,11,11,19,32,52,65,69,70,71,73,73,73,73
5,XIV,35051,3512001,0,0,0,0,0,0,0,0,0,0,0,0,0,0,0,0,0,0,0
5,XIV,35051,3512100,0,0,0,0,1,1,1,1,1,1,1,3,3,4,5,5,5,6,6
10,XX,35101,3512209,97,270,448,642,809,932,1148,1289,1417,1512,1576,1596,1632,1650,1665,1677,1683,1689,1689
6,XVI,35063,3512308,0,0,0,0,0,0,0,0,0,0,0,0,0,0,1,1,1,1,1
10,XX,35102,3512407,0,1,4,4,8,15,26,35,56,88,110,147,190,231,281,319,355,383,383
2,XI,35023,3512506,0,0,0,0,0,0,1,2,2,2,2,2,3,3,4,5,9,9,9
6,XVI,35061,3512605,0,0,0,0,0,0,0,0,0,0,0,0,0,0,0,0,0,0,0
10,XX,35104,3512704,0,0,0,0,0,1,1,1,1,1,1,1,1,1,1,2,2,2,2
7,XVII,35072,3512803,0,0,0,1,2,3,6,8,10,16,17,18,23,27,33,36,40,40,40
15,XXIX,35157,3512902,1,9,13,26,35,42,50,52,55,55,55,55,55,55,55,55,55,55,55
1,X,35013,3513009,0,0,0,1,3,7,9,11,12,14,15,16,17,18,20,22,22,22,22
13,XXIV,35132,3513108,2,2,5,9,15,30,45,58,64,92,110,121,134,141,147,149,152,155,155
8,XVIII,35081,3513207,0,0,0,0,0,0,0,0,0,0,0,0,0,0,0,0,0,0,0
9,XIII,35092,3513306,0,1,2,6,12,33,43,53,67,76,78,78,78,79,79,79,79,79,79
17,XXXIII,35172,3513405,48,168,427,785,1184,1919,2704,2917,2986,3103,3141,3142,3143,3143,3143,3143,3143,3143,3143
4,XXV,35041,3513504,3,7,9,13,21,40,54,68,97,136,161,171,178,187,198,214,228,242,242
17,XXXIII,35172,3513603,0,0,0,0,0,0,0,0,0,0,0,0,0,2,2,2,2,2,2
3,XII,35034,3513702,1,1,1,1,1,3,3,4,4,5,7,11,15,19,19,22,22,24,24
1,VII,35015,3513801,0,0,0,1,1,1,1,1,1,1,1,1,1,2,3,3,4,5,5
15,XXX,35153,3513850,1,1,1,3,4,7,8,11,15,17,19,19,21,23,24,25,28,28,28
14,XXVI,35143,3513900,0,0,0,0,0,0,0,0,0,0,0,0,0,0,0,0,0,0,0
3,XII,35033,3514007,0,0,1,1,1,1,2,4,5,6,7,7,8,8,10,10,10,10,10
6,XV,35064,3514106,1,1,2,2,2,4,4,4,6,7,7,8,9,11,19,24,25,26,26
15,XXX,35153,3514205,0,1,2,5,7,7,8,8,10,12,12,12,12,18,20,20,21,21,21
3,XII,35034,3514304,0,0,0,0,0,0,0,0,0,0,0,0,0,0,0,0,0,0,0
11,XXII,35111,3514403,12,58,130,221,321,452,590,696,872,990,1084,1164,1264,1305,1347,1411,1433,1436,1436
6,XV,35062,3514502,0,1,1,2,2,2,3,3,3,4,7,14,16,23,30,35,38,42,42
13,XXIV,35131,3514601,2,4,9,14,17,29,46,49,60,68,76,87,96,109,118,123,124,124,124
9,XIX,35093,3514700,0,0,0,0,0,0,0,0,0,2,3,4,5,5,6,6,6,6,6
12,XXIII,35121,3514809,0,0,0,1,1,2,5,9,21,37,54,62,69,82,85,85,86,86,86
10,XX,35103,3514908,0,0,0,0,0,0,0,0,0,0,0,0,0,0,0,0,0,0,0
15,XXIX,35151,3514924,0,0,0,0,2,3,7,11,14,20,24,25,25,25,25,27,27,27,27
15,XXIX,35151,3514957,0,0,1,2,8,11,13,14,14,14,14,14,14,14,14,14,14,14,14
1,X,35013,3515004,0,0,0,0,0,0,0,0,0,0,0,0,0,1,1,1,1,1,1
1,X,35013,3515103,0,0,0,1,1,1,1,1,1,1,1,1,1,1,1,1,1,1,1
11,XXI,35112,3515129,0,0,0,0,0,0,0,0,0,1,1,2,2,3,3,4,4,4,4
10,XX,35102,3515152,3,5,6,9,11,17,28,35,47,65,78,85,88,90,94,97,100,103,103
14,XXVI,35142,3515186,0,0,0,2,3,5,8,9,13,19,24,27,33,39,47,60,73,77,77
9,XIII,35094,3515194,0,0,0,0,0,0,0,0,0,0,0,0,0,0,0,0,0,0,0
15,XXX,35154,3515202,45,88,162,247,338,424,509,554,579,603,622,635,648,655,658,658,661,668,668
11,XXI,35112,3515301,0,0,0,0,0,2,3,4,9,12,13,18,23,35,46,55,60,61,61
11,XXII,35115,3515350,0,2,4,6,7,11,15,15,28,40,44,47,60,70,85,96,102,108,108
6,XVI,35061,3515400,0,0,0,0,0,0,0,0,0,0,0,0,0,0,0,0,0,0,0
15,XXX,35154,3515509,13,25,54,78,117,167,211,239,304,376,409,465,535,593,647,687,745,783,783
15,XXIX,35151,3515608,0,0,0,0,0,0,0,0,1,1,1,1,1,1,2,2,2,2,2
9,XIX,35093,3515657,0,3,3,5,9,12,21,21,22,22,23,24,26,28,30,33,33,33,33
1,VIII,35011,3515707,0,0,0,0,0,0,0,0,0,0,0,0,0,0,0,0,0,0,0
11,XXII,35111,3515806,0,0,0,0,1,2,5,6,7,9,10,10,10,12,15,16,18,18,18
15,XXIX,35157,3515905,0,0,0,0,2,4,5,5,6,8,12,13,13,15,15,16,16,16,16
9,XIX,35091,3516002,0,1,1,2,5,8,13,19,32,47,59,72,94,104,128,138,143,146,146
9,XIII,35092,3516101,0,0,0,0,0,0,0,0,0,0,0,0,0,0,0,0,0,0,0
8,XVIII,35081,3516200,4,6,7,8,11,18,23,25,28,29,31,31,31,32,33,33,33,34,34
1,IX,35012,3516309,1,6,6,8,11,11,14,19,19,21,25,25,27,29,31,31,31,31,31
1,IX,35012,3516408,0,0,0,1,1,1,1,1,2,3,5,5,5,5,5,5,5,5,5
2,XI,35023,3516507,0,0,0,0,4,7,8,11,12,12,13,13,14,15,24,42,46,46,46
9,XIX,35093,3516606,0,0,0,0,0,0,0,0,0,0,0,0,0,0,0,1,1,2,2
9,XIX,35093,3516705,2,19,46,72,121,186,249,294,319,381,427,456,479,503,514,537,552,576,576
15,XXIX,35157,3516804,2,8,13,21,33,71,85,101,107,114,120,120,125,127,127,127,127,127,127
3,XII,35031,3516853,0,0,0,0,0,0,0,0,0,0,0,1,1,1,1,1,1,1,1
15,XXIX,35157,3516903,4,17,32,45,73,105,130,146,170,186,194,202,212,228,235,238,240,240,240
6,XV,35065,3517000,0,0,0,0,0,0,6,12,14,18,18,18,18,18,19,19,19,19,19
2,XI,35023,3517109,0,0,0,0,0,0,0,0,0,1,1,2,2,2,2,2,2,2,2
6,XV,35065,3517208,0,0,0,0,0,0,0,1,2,4,4,5,5,5,6,6,6,6,6
9,XIX,35093,3517307,9,24,54,74,108,143,162,164,164,164,165,165,165,165,165,165,165,165,165
5,XIV,35051,3517406,0,0,4,5,7,13,18,28,34,36,38,41,41,44,46,49,50,51,51
15,XXIX,35155,3517505,5,14,19,23,30,35,40,44,51,53,56,57,61,65,66,69,69,69,69
16,XXXII,35162,3517604,0,0,0,0,0,0,0,0,0,0,0,0,0,0,0,0,0,0,0
8,XVIII,35083,3517703,0,0,1,1,1,2,4,5,5,5,5,5,5,5,5,5,5,5,5
2,XI,35022,3517802,0,1,1,1,1,2,3,4,4,4,6,10,14,16,21,24,25,26,26
5,XIV,35051,3517901,0,0,0,0,0,2,2,2,3,3,3,4,6,6,6,6,6,6,6
15,XXX,35154,3518008,0,0,0,0,0,0,3,4,4,6,11,19,27,43,62,77,81,85,85
9,XIX,35093,3518107,0,1,1,2,3,5,6,6,11,11,15,19,19,19,19,19,21,22,22
2,XI,35021,3518206,43,123,222,377,533,743,903,992,1096,1178,1235,1282,1306,1330,1345,1363,1372,1385,1385
1,VIII,35011,3518305,0,0,0,0,0,1,22,42,50,54,61,63,63,63,63,63,63,63,63
17,XXXIII,35172,3518404,26,69,132,214,358,670,949,1259,1676,2022,2225,2327,2416,2483,2552,2603,2641,2667,2667
16,XXXI,35161,3518503,0,0,0,1,1,1,1,1,1,1,1,1,1,1,1,1,2,2,2
13,XXIV,35131,3518602,0,0,0,0,0,0,1,1,1,1,2,5,6,11,17,21,21,21,21
4,XXV,35041,3518701,3,8,10,14,20,29,36,39,46,49,54,60,63,72,82,83,95,97,97
1,VIII,35011,3518800,13,27,49,63,77,97,117,135,148,164,179,190,199,204,209,217,227,231,231
13,XXIV,35132,3518859,0,0,0,0,0,2,2,2,3,3,3,4,4,4,5,7,7,7,7
2,XI,35021,3518909,0,0,1,1,2,2,4,5,5,5,5,5,5,5,5,5,6,6,6
9,XIX,35095,3519006,0,1,1,3,8,21,43,71,107,153,206,261,294,337,372,407,425,428,428
7,XVII,35072,3519055,0,0,0,0,0,1,1,2,2,3,6,8,10,10,10,10,11,12,12
7,XVII,35072,3519071,9,24,37,56,75,97,135,166,213,265,307,339,380,414,429,445,453,466,466
6,XV,35062,3519105,0,0,0,0,3,5,5,5,6,6,6,6,6,7,7,8,9,9,9
9,XIX,35095,3519204,10,25,43,81,109,134,158,161,165,173,178,184,191,197,207,207,207,207,207
6,XVI,35061,3519253,0,0,0,0,1,2,2,3,3,3,4,4,4,4,4,7,7,7,7
3,XII,35034,3519303,1,1,3,3,5,6,8,8,9,9,13,13,14,14,15,15,15,17,17
15,XXIX,35155,3519402,8,29,66,119,164,215,287,330,363,392,424,442,470,491,502,526,535,543,543
9,XIII,35094,3519501,0,1,1,1,1,1,2,3,3,3,3,4,6,7,7,8,8,8,8
3,XII,35032,3519600,1,1,1,1,1,6,8,10,12,17,18,20,21,24,26,29,29,29,29
16,XXXI,35163,3519709,0,0,0,0,0,0,1,2,2,2,2,2,2,2,2,2,2,2,2
15,XXIX,35155,3519808,0,0,0,1,1,1,1,1,1,1,1,1,1,1,1,1,1,1,1
11,XXI,35113,3519907,0,0,0,2,5,7,8,16,31,42,58,78,91,102,113,128,148,155,155
6,XV,35064,3520004,0,0,0,0,0,0,0,0,0,0,0,0,0,0,0,0,0,0,0
8,XVIII,35083,3520103,0,0,0,0,0,0,0,0,0,0,0,0,0,0,0,0,0,0,0
17,XXVII,35171,3520202,0,0,0,0,0,0,0,0,0,0,0,0,0,0,0,0,0,0,0
12,XXIII,35121,3520301,0,0,0,0,0,3,3,4,5,7,8,14,16,18,21,23,24,25,25
17,XXVIII,35173,3520400,0,1,4,6,13,17,32,40,53,58,78,88,97,99,99,99,99,99,99
12,XXIII,35121,3520426,0,0,1,1,2,3,4,4,4,4,4,4,4,4,4,4,5,6,6
2,XI,35022,3520442,0,0,1,2,3,3,3,6,6,9,10,12,14,17,21,22,22,22,22
7,XVII,35072,3520509,0,1,2,5,7,12,15,21,30,43,49,55,63,72,81,90,97,102,102
11,XXI,35112,3520608,0,0,0,0,7,10,10,11,12,14,15,15,15,17,20,20,20,22,22
15,XXX,35154,3520707,0,0,0,0,1,2,3,5,6,8,11,12,17,24,32,46,52,52,52
9,XIX,35091,3520806,4,8,21,47,71,121,165,186,208,232,254,271,297,312,325,340,347,349,349
9,XIII,35094,3520905,0,0,0,1,1,2,2,2,2,2,3,4,5,5,5,5,6,6,6
16,XXXI,35163,3521002,18,67,157,311,463,655,846,995,1097,1188,1233,1268,1279,1293,1305,1312,1315,1318,1318
10,XX,35104,3521101,0,1,3,4,5,13,20,23,23,26,32,38,46,54,58,62,63,63,63
15,XXIX,35155,3521150,0,1,1,1,6,13,20,25,32,34,37,42,44,47,49,50,51,51,51
12,XXIII,35121,3521200,0,0,0,0,0,0,0,0,2,2,2,9,19,20,26,37,39,41,41
8,XVIII,35082,3521309,0,0,0,0,1,1,1,1,1,3,3,3,3,3,3,3,3,3,3
10,XX,35102,3521408,0,1,1,1,1,2,2,2,2,5,5,5,8,11,16,25,26,28,28
15,XXIX,35151,3521507,0,0,2,3,6,9,9,15,22,25,28,29,31,34,37,44,44,46,46
11,XXII,35111,3521606,0,0,0,2,2,5,5,9,13,13,14,15,17,17,17,17,17,18,18
16,XXXII,35162,3521705,0,0,0,0,0,0,0,0,0,0,0,0,0,0,0,0,0,0,0
6,XVI,35061,3521804,0,0,0,0,0,0,0,0,0,0,0,0,0,4,9,12,15,16,16
15,XXIX,35151,3521903,9,14,33,42,63,79,91,98,113,120,126,128,131,132,134,134,136,136,136
6,XV,35064,3522000,0,0,0,0,0,0,0,0,0,2,2,3,3,3,5,5,5,5,5
4,XXV,35041,3522109,0,1,1,4,8,10,13,17,18,20,21,26,27,32,34,37,45,54,54
16,XXXII,35162,3522158,0,0,0,0,0,0,0,0,0,0,0,0,0,0,0,0,0,0,0
1,X,35013,3522208,1,2,2,3,3,3,3,3,3,3,3,3,3,3,3,3,3,3,3
16,XXXI,35161,3522307,0,0,0,0,2,3,5,7,7,11,14,15,16,16,17,17,17,20,20
16,XXXII,35162,3522406,0,0,1,1,1,1,2,4,5,10,15,16,21,32,38,47,49,49,49
1,X,35014,3522505,0,0,0,0,0,0,0,0,1,2,4,4,4,4,6,6,6,6,6
14,XXVI,35141,3522604,0,0,0,1,1,1,2,2,3,4,4,10,14,15,16,16,16,16,16
16,XXXII,35162,3522653,0,0,0,0,0,0,0,0,0,0,0,0,0,0,0,0,0,0,0
3,XII,35032,3522703,21,66,122,214,336,448,586,695,837,982,1075,1152,1245,1337,1409,1483,1515,1543,1543
6,XVI,35061,3522802,1,1,1,1,1,1,1,2,2,2,3,4,4,8,8,9,10,10,10
6,XV,35064,3522901,0,0,0,1,1,2,2,3,4,4,5,5,6,6,6,6,6,6,6
2,XI,35022,3523008,0,0,0,0,0,1,2,2,3,4,6,6,10,11,12,13,13,13,13
1,VIII,35011,3523107,0,0,1,1,3,5,7,8,12,13,14,16,16,16,16,17,18,19,19
16,XXXII,35162,3523206,0,0,0,0,0,0,0,5,11,14,14,14,16,19,21,24,26,26,26
12,XXIII,35121,3523305,2,8,30,46,67,99,124,137,162,173,184,192,196,204,213,214,214,214,214
7,XVII,35072,3523404,1,1,1,1,1,1,2,2,3,3,3,3,3,4,5,5,5,5,5
6,XVI,35063,3523503,0,0,0,0,2,2,2,2,2,2,2,2,3,3,3,3,3,3,3
10,XX,35104,3523602,0,0,1,1,1,2,3,4,6,6,9,10,10,10,16,17,17,18,18
8,XVIII,35081,3523701,0,0,0,0,0,0,0,0,0,0,0,0,0,0,0,0,0,0,0
14,XXVI,35143,3523800,1,4,4,4,6,6,6,9,20,34,46,57,61,66,66,68,69,71,71
16,XXXI,35163,3523909,0,1,1,4,4,6,11,13,13,16,19,20,23,26,31,39,42,44,44
7,XVII,35073,3524006,0,0,0,0,0,0,0,0,0,0,0,0,0,0,0,0,0,0,0
8,XVIII,35083,3524105,0,0,0,0,2,2,2,2,3,3,3,3,3,3,4,4,4,4,4
5,XIV,35051,3524204,0,0,0,0,2,2,3,3,3,3,3,3,3,4,4,4,5,7,7
13,XXIV,35131,3524303,8,26,69,109,184,331,486,633,755,918,1060,1119,1149,1183,1224,1249,1282,1305,1305
17,XXVII,35171,3524402,2,3,3,3,6,9,18,23,36,56,71,86,96,107,121,134,135,137,137
15,XXIX,35156,3524501,0,1,1,1,1,3,4,4,4,5,5,5,5,5,5,5,5,5,5
12,XXIII,35121,3524600,0,0,0,1,1,3,4,4,4,4,6,8,14,16,16,17,17,17,17
7,XVII,35072,3524709,0,1,4,4,4,5,7,9,13,14,16,17,17,19,19,19,24,26,26
15,XXX,35153,3524808,4,11,20,41,55,93,126,177,258,371,440,475,515,543,571,606,629,645,645
17,XXVII,35171,3524907,0,0,0,0,0,0,0,0,0,0,0,0,0,0,0,0,0,0,0
1,X,35014,3525003,0,0,1,2,2,2,5,5,5,5,5,6,6,6,6,6,8,8,8
13,XXIV,35132,3525102,1,1,4,6,12,16,22,26,29,31,34,34,36,43,46,48,50,52,52
7,XVII,35073,3525201,0,0,0,0,2,2,2,2,2,2,2,2,2,2,2,2,2,2,2
6,XV,35064,3525300,0,8,16,20,31,37,53,62,80,88,95,101,105,115,122,134,136,139,139
8,XVIII,35081,3525409,0,0,0,0,0,0,0,0,0,0,0,0,1,1,3,3,3,3,3
7,XVII,35071,3525508,0,0,0,0,0,0,0,0,0,0,0,0,0,0,1,2,2,3,3
11,XXI,35113,3525607,0,0,0,0,6,9,19,29,33,39,42,48,55,63,69,70,72,72,72
15,XXIX,35156,3525706,1,1,1,2,5,14,18,19,27,40,43,45,47,56,57,57,57,57,57
9,XIX,35093,3525805,0,0,2,2,2,4,9,11,13,25,41,57,78,108,127,156,170,173,173
16,XXXI,35163,3525854,0,0,0,0,0,0,0,0,0,0,0,0,0,0,0,0,0,0,0
7,XVII,35073,3525904,0,0,2,5,5,11,13,15,18,20,26,32,33,36,36,37,38,38,38
11,XXII,35111,3526001,0,1,3,7,10,21,40,47,63,94,116,139,194,233,260,277,282,293,293
12,XXIII,35121,3526100,0,1,2,4,8,14,32,40,54,65,76,81,86,86,86,86,86,86,86
1,X,35013,3526209,0,0,0,0,0,0,0,0,0,0,0,0,0,0,0,0,0,0,0
17,XXXIII,35174,3526308,0,0,0,0,0,0,0,0,0,0,0,0,0,0,0,0,0,0,0
6,XVI,35063,3526407,0,0,0,0,1,1,1,8,13,17,18,22,29,38,44,56,69,78,78
2,XI,35022,3526506,0,0,1,2,4,5,10,16,20,24,27,32,34,37,39,40,46,47,47
17,XXXIII,35172,3526605,0,2,3,5,5,8,21,25,28,34,38,46,58,64,64,64,65,65,65
10,XX,35101,3526704,0,0,1,1,4,7,11,13,20,24,33,36,40,47,51,64,88,94,94
6,XV,35062,3526803,0,0,0,0,0,0,1,1,1,2,2,2,2,2,2,2,2,2,2
10,XX,35102,3526902,21,49,77,139,195,275,380,456,547,676,780,845,899,953,984,1014,1042,1047,1047
7,XVII,35074,3527009,0,0,0,0,0,0,0,0,0,0,0,0,0,0,0,0,0,0,0
6,XV,35065,3527108,2,4,14,31,60,109,147,189,252,306,343,380,453,519,574,622,659,664,664
17,XXXIII,35172,3527207,48,157,338,638,991,1472,1973,2252,2491,2808,2972,3009,3028,3043,3069,3070,3072,3072,3072
2,XI,35023,3527256,0,0,0,0,0,0,1,2,2,3,3,5,16,16,21,32,44,48,48
7,XVII,35073,3527306,0,0,1,2,2,2,2,3,3,4,4,4,5,5,7,9,10,11,11
9,XIX,35091,3527405,65,144,187,271,360,468,556,614,657,688,702,705,712,717,721,723,724,725,725
6,XV,35062,3527504,0,0,0,0,0,0,0,0,0,0,0,0,0,0,0,0,0,0,0
13,XXIV,35132,3527603,7,15,34,50,67,97,123,129,141,168,186,198,207,224,236,252,262,268,268
2,XI,35023,3527702,0,1,2,20,42,75,100,111,129,145,148,153,157,159,159,159,159,159,159
9,XIX,35093,3527801,0,0,0,0,0,0,0,0,0,0,0,0,0,0,0,0,0,0,0
9,XIII,35092,3527900,0,0,0,0,0,0,0,0,0,2,2,2,2,3,3,3,3,3,3
6,XV,35062,3528007,0,0,0,0,0,0,0,1,1,1,1,1,1,1,1,1,1,1,1
15,XXIX,35157,3528106,1,1,1,1,1,4,5,5,6,6,7,7,7,7,7,8,9,11,11
15,XXX,35154,3528205,0,0,0,0,0,0,0,0,1,3,3,3,3,4,4,4,4,4,4
15,XXIX,35157,3528304,0,0,0,0,1,2,5,6,7,8,10,10,10,11,11,11,11,11,11
16,XXXI,35163,3528403,1,1,1,1,1,2,4,5,5,8,9,10,13,15,16,18,19,19,19
1,IX,35012,3528502,0,0,0,0,0,0,1,1,1,1,1,1,1,1,1,1,1,1,1
6,XVI,35061,3528601,0,0,0,0,0,0,0,0,0,0,0,0,0,0,0,0,0,0,0
11,XXII,35114,3528700,0,1,2,3,3,3,5,5,6,7,9,10,12,14,14,15,15,15,15
9,XIII,35092,3528809,11,26,48,98,142,186,258,304,332,366,380,389,399,403,409,416,420,420,420
15,XXIX,35151,3528858,0,0,0,2,2,3,4,4,6,7,7,9,10,10,10,10,10,10,10
9,XIX,35091,3528908,0,1,3,6,20,34,53,71,96,121,150,160,171,179,198,204,209,214,214
9,XIX,35093,3529005,16,51,93,157,198,261,309,363,416,477,527,591,676,786,880,969,1044,1065,1065
15,XXX,35153,3529104,0,0,0,0,0,0,0,0,0,0,0,0,0,0,0,0,0,0,0
11,XXI,35112,3529203,49,99,179,258,343,484,656,692,789,864,905,932,959,977,981,987,995,1001,1001
3,XII,35033,3529302,1,2,2,2,2,2,2,3,8,10,11,11,12,13,15,18,19,20,20
1,VII,35015,3529401,1,4,5,6,6,8,8,8,8,8,9,9,9,11,11,11,11,11,11
15,XXIX,35156,3529500,0,0,1,2,2,2,2,2,2,2,3,3,3,3,3,3,3,3,3
15,XXX,35154,3529609,0,0,0,1,3,8,13,16,18,24,29,32,56,90,109,135,150,170,170
15,XXX,35153,3529658,0,0,0,0,0,3,6,6,15,20,28,37,49,62,68,80,83,86,86
8,XVIII,35083,3529708,0,0,0,0,0,0,0,0,0,0,0,0,0,0,0,0,0,0,0
6,XV,35064,3529807,0,0,0,0,0,1,1,1,1,1,1,2,2,2,2,2,2,2,2
12,XXIII,35121,3529906,0,0,0,1,1,1,1,2,2,5,8,11,11,13,15,17,20,20,20
15,XXX,35154,3530003,0,1,1,3,4,6,11,18,21,26,33,36,42,49,51,54,56,56,56
2,XI,35022,3530102,4,16,50,92,164,229,319,412,503,593,662,722,763,794,821,848,855,861,861
11,XXII,35115,3530201,1,3,4,9,12,21,28,42,53,70,84,91,98,111,121,128,131,131,131
15,XXIX,35155,3530300,0,2,3,5,10,14,17,21,26,30,36,39,41,44,47,51,56,57,57
15,XXIX,35155,3530409,0,0,0,0,0,0,0,0,0,0,0,2,2,3,3,4,4,4,4
14,XXVI,35143,3530508,130,319,529,767,1028,1270,1531,1713,1908,2101,2216,2264,2285,2307,2327,2345,2349,2349,2349
1,VIII,35011,3530607,0,3,6,9,9,10,10,12,14,14,15,15,17,17,18,18,18,18,18
14,XXVI,35141,3530706,8,19,47,81,126,205,287,338,434,555,670,725,775,850,922,977,1036,1063,1063
14,XXVI,35141,3530805,36,121,227,368,517,653,852,995,1166,1362,1494,1612,1745,1825,1873,1903,1931,1935,1935
10,XX,35103,3530904,0,0,0,0,0,0,0,0,0,0,0,0,0,0,0,0,0,0,0
15,XXIX,35157,3531001,0,0,0,2,2,2,3,3,3,3,3,3,3,3,3,4,6,8,8
4,XXV,35041,3531100,0,0,0,0,0,0,4,5,7,7,7,7,7,9,9,10,11,13,13
7,XVII,35074,3531209,0,0,0,0,0,0,0,0,0,0,0,0,0,0,0,0,0,0,0
13,XXIV,35131,3531308,2,3,5,6,15,25,39,52,67,82,95,103,115,132,144,150,159,164,164
15,XXIX,35156,3531407,2,5,7,10,11,16,18,19,22,24,29,32,35,38,42,43,47,47,47
5,XIV,35052,3531506,0,1,1,4,5,5,5,5,5,6,6,6,9,11,13,14,15,15,15
11,XXII,35111,3531605,1,5,15,40,85,143,170,197,224,231,238,244,251,255,256,258,259,259,259
17,XXVII,35171,3531704,0,0,0,0,0,0,0,0,0,0,0,0,0,0,0,0,0,0,0
7,XVII,35072,3531803,0,3,3,6,6,10,16,25,28,38,46,54,59,80,96,120,131,135,135
8,XVIII,35082,3531902,1,1,1,1,3,5,6,8,10,10,11,11,11,12,14,20,26,27,27
7,XVII,35072,3532009,0,0,0,0,0,0,0,0,0,0,0,0,0,0,0,0,0,0,0
3,XII,35031,3532058,0,0,0,0,1,1,1,1,1,1,4,5,6,6,6,6,8,9,9
2,XI,35022,3532108,0,0,1,1,2,2,4,4,5,5,6,7,9,12,13,13,13,13,13
11,XXI,35113,3532157,0,0,0,2,2,9,19,27,49,86,109,127,148,163,170,175,175,175,175
11,XXI,35112,3532207,1,2,5,9,13,18,21,27,35,47,61,75,92,97,109,118,120,120,120
17,XXXIII,35174,3532306,0,0,0,0,0,0,0,0,0,0,0,0,0,0,0,0,0,0,0
7,XVII,35071,3532405,0,0,0,0,0,0,0,0,0,0,0,0,0,0,0,2,2,2,2
15,XXIX,35155,3532504,0,5,5,5,5,5,5,5,6,6,6,6,6,6,9,9,9,9,9
15,XXIX,35157,3532603,1,2,2,6,9,15,17,25,32,41,58,63,81,92,113,161,209,249,249
15,XXIX,35156,3532702,2,3,5,8,10,12,15,15,18,19,22,22,22,22,22,22,22,22,22
15,XXIX,35155,3532801,0,0,0,1,1,1,1,1,1,1,2,2,2,2,2,2,2,2,2
16,XXXII,35162,3532827,0,0,0,0,0,0,0,0,0,0,0,0,0,0,0,0,0,0,0
15,XXX,35152,3532843,0,0,0,0,0,0,0,0,0,0,1,1,1,1,1,1,1,1,1
2,XI,35021,3532868,0,0,0,0,1,2,5,5,6,9,9,9,9,13,17,19,21,23,23
3,XII,35032,3532900,0,1,2,3,4,6,9,11,14,17,23,26,28,28,31,34,35,35,35
15,XXIX,35155,3533007,0,0,0,3,12,17,20,28,31,38,39,41,43,49,54,59,66,72,72
11,XXII,35111,3533106,0,0,0,2,2,2,2,2,3,4,6,14,20,28,32,36,37,41,41
2,XI,35022,3533205,0,0,0,1,1,1,1,1,2,6,7,7,9,11,12,13,13,15,15
15,XXIX,35151,3533254,4,14,32,57,76,84,84,85,85,85,85,85,85,85,85,85,85,85,85
2,XI,35021,3533304,0,0,1,2,2,2,2,4,5,9,12,20,39,46,51,61,71,74,74
7,XVII,35072,3533403,1,3,3,4,4,13,29,69,90,98,144,172,182,196,216,233,246,261,261
15,XXIX,35151,3533502,0,3,5,9,18,30,44,59,77,91,104,118,138,162,188,223,233,253,253
8,XVIII,35082,3533601,0,0,0,0,1,1,2,4,4,4,5,5,5,8,9,18,20,21,21
9,XIX,35093,3533700,0,0,0,0,0,0,0,0,0,0,0,1,2,3,3,3,3,3,3
9,XIII,35094,3533809,0,0,0,0,0,0,0,0,0,0,0,0,0,0,0,0,0,0,0
5,XIV,35051,3533908,0,0,0,5,7,11,13,19,22,24,24,25,27,29,32,34,36,37,37
15,XXIX,35155,3534005,0,0,2,2,6,13,20,29,35,40,50,61,73,78,80,86,91,93,93
9,XIX,35093,3534104,0,0,1,1,1,1,1,1,1,1,1,1,2,4,4,6,6,6,6
15,XXIX,35155,3534203,0,0,0,0,0,0,0,0,0,0,0,0,0,0,0,0,0,0,0
8,XVIII,35082,3534302,1,4,4,5,5,6,8,10,14,16,18,23,26,29,29,33,35,38,38
1,X,35014,3534401,2,10,28,42,57,76,104,126,144,162,177,181,187,192,199,204,208,209,209
9,XIX,35093,3534500,0,0,0,0,0,0,0,0,0,0,0,0,0,0,1,3,3,3,3
9,XIX,35091,3534609,24,73,161,263,350,452,551,585,629,706,773,815,852,882,906,914,922,929,929
9,XIII,35094,3534708,12,33,62,103,130,168,212,254,338,415,494,553,653,742,844,963,1088,1117,1117
15,XXX,35154,3534757,2,9,14,20,28,54,75,83,86,95,97,100,101,101,104,106,106,106,106
11,XXII,35111,3534807,7,30,74,136,266,390,475,518,551,581,603,618,625,633,643,649,652,652,652
9,XIX,35091,3534906,1,1,3,6,12,22,36,42,50,66,72,76,83,87,94,96,104,113,113
15,XXIX,35155,3535002,0,0,1,1,1,2,2,6,8,12,13,16,16,20,22,23,23,23,23
15,XXIX,35151,3535101,9,34,86,142,206,292,371,420,450,468,494,505,514,515,515,515,516,517,517
15,XXX,35153,3535200,0,0,0,0,0,1,5,8,8,13,20,22,22,22,22,23,24,27,27
9,XIII,35092,3535309,11,31,77,166,278,416,538,670,819,914,924,925,926,954,1007,1039,1041,1042,1042
11,XXII,35111,3535408,1,4,19,27,34,63,93,116,186,261,287,318,377,414,460,499,539,566,566
9,XIII,35092,3535507,3,9,18,39,53,106,151,185,213,247,275,293,328,347,380,411,429,432,432
17,XXVII,35171,3535606,0,0,0,0,1,2,3,3,3,3,3,3,3,3,3,3,3,3,3
15,XXIX,35151,3535705,0,0,1,1,1,2,2,2,4,5,6,6,9,10,12,13,13,14,14
6,XVI,35061,3535804,0,0,0,0,0,0,0,0,0,0,0,0,0,0,0,0,0,0,0
15,XXX,35153,3535903,0,0,0,1,1,3,7,9,9,10,10,15,16,16,17,17,18,18,18
9,XIX,35095,3536000,39,107,216,347,483,619,714,747,775,801,812,823,833,838,843,847,848,850,850
6,XVI,35063,3536109,0,0,0,0,0,0,0,0,0,0,0,0,0,0,0,0,0,0,0
12,XXIII,35121,3536208,2,4,7,9,10,13,22,38,56,76,99,110,132,165,184,214,231,258,258
15,XXIX,35157,3536257,21,58,98,155,187,212,247,263,272,277,279,282,282,284,286,286,286,286,286
8,XVIII,35081,3536307,0,0,0,0,0,0,0,0,0,0,0,0,0,0,0,0,0,0,0
11,XXII,35111,3536406,6,10,21,28,51,87,121,165,224,257,283,296,314,326,347,356,373,386,386
7,XVII,35072,3536505,3,9,9,12,18,20,32,40,51,62,68,72,77,83,86,89,93,96,96
6,XV,35062,3536570,0,0,0,0,0,0,0,0,0,0,0,0,1,1,1,1,1,1,1
15,XXIX,35155,3536604,0,0,0,4,4,6,7,9,10,11,16,17,18,19,21,21,21,21,21
6,XV,35062,3536703,0,0,1,1,1,1,1,1,2,3,9,10,10,14,15,18,20,21,21
7,XVII,35071,3536802,0,0,0,0,0,0,0,0,0,0,0,0,0,0,0,0,0,0,0
15,XXX,35154,3536901,0,0,0,1,4,5,8,12,13,13,15,16,20,23,24,24,25,26,26
8,XVIII,35081,3537008,0,0,0,0,0,0,0,0,0,0,0,0,0,0,0,0,0,0,0
7,XVII,35072,3537107,0,2,3,3,3,3,3,4,12,15,26,34,41,42,45,49,50,50,50
9,XIII,35092,3537156,0,0,0,0,0,1,2,4,5,7,10,10,11,13,13,13,13,14,14
12,XXIII,35121,3537206,0,0,2,2,2,2,2,3,5,5,7,7,7,9,9,9,9,9,9
2,XI,35023,3537305,14,22,43,92,148,193,236,272,296,327,348,367,395,411,431,445,453,456,456
2,XI,35022,3537404,0,1,2,4,7,8,9,12,18,20,22,24,29,33,43,65,69,69,69
6,XVI,35063,3537503,0,0,0,0,0,0,0,0,0,0,0,0,0,0,0,0,0,0,0
4,XXV,35041,3537602,2,8,15,27,39,53,60,70,84,105,119,128,130,134,137,142,145,145,145
2,XI,35023,3537701,12,61,108,163,223,278,327,327,327,327,327,327,327,328,328,329,329,329,329
16,XXXI,35163,3537800,0,0,0,0,0,0,0,0,0,0,0,0,0,0,0,0,0,0,0
16,XXXI,35163,3537909,0,0,0,0,0,0,0,0,0,0,0,0,1,1,1,2,3,3,3
17,XXXIII,35174,3538006,6,17,20,56,80,144,246,318,425,529,616,729,885,1024,1140,1239,1283,1308,1308
15,XXIX,35151,3538105,4,15,30,49,67,95,124,139,155,160,169,181,195,210,226,239,246,247,247
7,XVII,35071,3538204,0,0,0,0,0,0,0,0,1,1,1,1,1,1,1,1,1,1,1
11,XXII,35114,3538303,0,0,2,3,9,18,25,29,30,35,35,35,35,35,35,35,35,36,36
17,XXXIII,35172,3538501,0,1,2,3,6,6,21,29,39,49,55,55,57,59,59,60,62,62,62
7,XVII,35071,3538600,1,1,1,1,1,2,2,2,2,2,2,3,3,3,3,3,3,3,3
10,XX,35103,3538709,10,34,48,80,120,179,249,307,376,448,498,530,583,643,689,729,761,780,780
6,XVI,35061,3538808,0,0,0,0,0,0,0,1,1,3,3,3,4,4,4,5,5,5,5
6,XV,35062,3538907,0,0,0,0,2,2,2,3,4,4,5,5,5,6,6,6,6,6,6
15,XXIX,35151,3539004,0,3,5,8,11,14,16,17,22,29,39,40,41,42,43,43,44,44,44
1,X,35014,3539103,0,0,0,0,0,0,0,0,0,0,0,0,0,0,0,0,0,0,0
11,XXI,35112,3539202,0,1,5,9,13,30,61,82,121,158,189,230,296,367,442,508,551,579,579
10,XX,35101,3539301,12,28,56,94,138,181,256,315,375,432,473,502,536,581,602,613,627,630,630
6,XV,35062,3539400,0,0,1,1,1,1,2,2,3,4,4,4,5,5,5,5,5,5,5
13,XXIV,35131,3539509,0,0,0,0,5,8,10,16,19,19,22,28,36,37,37,41,45,46,46
15,XXIX,35156,3539608,0,0,0,0,0,0,0,1,2,4,6,11,14,16,18,20,22,24,24
9,XIII,35092,3539707,0,0,0,0,0,2,2,3,4,4,6,9,12,12,12,13,13,13,13
1,VIII,35011,3539806,1,2,2,2,2,3,4,4,6,6,6,6,6,7,7,7,7,7,7
15,XXIX,35156,3539905,0,0,0,0,0,3,4,4,4,4,4,4,4,4,4,4,4,4,4
9,XIX,35093,3540002,1,6,13,20,31,46,57,66,68,72,78,86,94,96,100,101,101,101,101
6,XV,35065,3540101,0,0,0,0,0,0,0,0,0,0,0,0,0,0,0,0,0,0,0
13,XXIV,35131,3540200,0,0,8,13,19,22,22,25,33,41,50,60,71,77,90,100,106,110,110
15,XXX,35153,3540259,37,58,87,117,138,152,168,175,178,178,178,178,178,179,179,179,179,179,179
15,XXIX,35157,3540309,2,3,5,10,13,17,22,23,28,29,33,33,35,36,36,36,36,36,36
15,XXX,35154,3540408,3,9,12,16,36,49,57,61,73,78,79,80,81,81,81,81,81,81,81
6,XVI,35063,3540507,0,0,0,0,0,0,0,0,0,0,0,0,0,0,0,0,0,0,0
16,XXXI,35163,3540606,0,0,0,0,0,0,0,2,3,3,3,3,4,5,8,9,16,17,17
3,XII,35034,3540705,4,7,8,9,14,19,22,24,35,39,43,44,50,54,61,68,78,79,79
17,XXXIII,35172,3540754,487,931,1211,1462,1607,1697,1784,1851,1876,1910,1948,1975,1992,2003,2006,2006,2008,2009,2009
15,XXIX,35155,3540804,1,1,1,1,1,1,2,4,7,8,11,12,17,19,23,27,27,27,27
9,XIX,35091,3540853,0,0,2,3,5,8,12,13,16,19,21,28,36,40,42,42,42,42,42
13,XXIV,35131,3540903,5,6,6,7,8,10,12,13,17,21,22,23,25,25,27,29,30,32,32
4,XXV,35041,3541000,0,1,1,1,2,4,4,4,5,6,7,7,7,8,8,8,8,8,8
6,XVI,35063,3541059,0,0,0,0,0,0,0,0,0,0,0,0,0,0,0,0,0,0,0
6,XV,35062,3541109,0,0,0,1,1,1,1,2,2,2,2,2,2,2,2,2,2,2,2
11,XXI,35112,3541208,3,7,13,20,32,56,88,122,162,201,225,249,271,302,319,346,363,374,374
11,XXII,35114,3541307,64,190,351,490,612,735,823,860,887,914,922,925,928,928,929,930,930,931,931
11,XXI,35112,3541406,16,42,87,146,247,394,535,722,995,1365,1661,1934,2217,2539,2785,2972,3133,3239,3239
11,XXII,35114,3541505,18,53,114,169,222,279,323,345,374,392,407,419,429,441,449,461,474,478,478
6,XV,35065,3541604,0,0,0,1,2,6,8,11,12,14,17,21,25,27,31,31,31,31,31
16,XXXI,35161,3541653,0,0,0,0,0,0,0,0,0,0,0,0,0,0,0,0,0,0,0
11,XXI,35113,3541703,4,11,34,54,75,111,158,198,247,278,300,309,321,332,350,365,373,375,375
9,XIX,35095,3541802,2,15,31,49,65,89,115,130,137,142,144,147,149,150,150,151,152,152,152
17,XXXIII,35172,3541901,0,0,0,0,0,3,4,5,7,13,15,21,26,30,35,41,45,50,50
9,XIX,35093,3542008,0,0,0,1,1,2,4,5,5,9,9,12,17,18,20,24,26,27,27
10,XX,35103,3542107,0,0,0,0,0,0,0,0,0,0,0,0,0,0,0,0,0,0,0
11,XXI,35113,3542206,74,215,346,480,600,822,938,1039,1135,1217,1304,1359,1417,1464,1506,1555,1595,1615,1615
17,XXXIII,35174,3542305,0,0,0,0,0,0,0,0,0,0,0,0,0,0,0,0,0,0,0
11,XXI,35112,3542404,1,1,2,4,6,13,18,20,40,67,89,115,137,166,216,241,261,284,284
6,XV,35062,3542503,0,0,0,0,0,0,0,0,0,0,0,0,0,0,0,0,0,0,0
12,XXIII,35121,3542602,5,13,25,46,66,90,130,181,233,288,322,361,404,442,464,466,467,472,472
8,XVIII,35081,3542701,0,0,0,0,0,0,0,0,0,1,1,1,1,1,1,1,1,1,1
16,XXXII,35162,3542800,0,0,0,0,0,0,0,0,0,0,0,0,0,0,0,0,0,0,0
3,XII,35034,3542909,0,0,0,1,1,1,1,1,1,1,1,1,1,1,1,1,1,1,1
16,XXXII,35162,3543006,0,0,0,0,0,0,0,0,0,0,0,0,0,0,0,0,0,0,0
8,XVIII,35081,3543105,0,0,0,0,0,0,0,0,0,0,0,0,0,0,0,0,0,0,0
9,XIII,35094,3543204,0,0,0,0,1,1,2,2,2,2,6,7,8,15,22,34,38,42,42
11,XXI,35112,3543238,0,0,0,0,0,0,1,1,1,1,1,1,1,1,1,1,1,1,1
16,XXXI,35161,3543253,0,0,0,0,0,0,0,0,0,0,0,0,0,0,0,0,0,0,0
1,VII,35015,3543303,0,0,0,0,0,0,0,0,0,0,0,0,0,0,0,0,0,0,0
13,XXIV,35132,3543402,219,586,1207,2068,3202,4732,6259,7677,9013,10422,11689,12521,13037,13453,13812,14066,14237,14362,14362
16,XXXII,35162,3543501,0,0,0,0,0,0,0,0,0,0,0,0,0,0,0,0,0,0,0
8,XVIII,35081,3543600,0,0,0,0,0,0,0,0,0,0,0,0,0,0,0,0,0,0,0
3,XII,35031,3543709,0,0,0,0,0,2,7,8,8,10,10,12,12,12,12,13,13,13,13
9,XIX,35095,3543808,73,185,336,440,514,590,640,674,694,702,703,708,709,710,710,710,710,710,710
10,XX,35104,3543907,4,26,42,67,85,114,152,179,223,264,310,362,419,487,566,605,643,667,667
10,XX,35103,3544004,0,0,0,1,1,1,1,1,2,2,2,2,3,3,3,4,4,5,5
1,VII,35015,3544103,0,0,0,1,1,1,1,1,1,2,2,2,2,2,2,2,2,2,2
15,XXIX,35157,3544202,0,0,1,2,4,7,8,11,11,12,16,17,18,19,20,21,22,23,23
11,XXII,35115,3544251,2,4,15,25,34,66,111,137,188,249,309,360,420,470,513,551,570,570,570
17,XXXIII,35172,3544301,2,4,8,17,21,30,40,51,64,69,76,78,79,80,83,83,88,89,89
2,XI,35021,3544400,5,11,12,15,15,19,22,25,26,32,36,39,44,50,52,56,61,63,63
15,XXX,35152,3544509,0,0,0,0,0,0,1,1,1,1,2,2,2,3,3,4,5,5,5
6,XV,35065,3544608,0,5,12,24,33,76,114,141,174,191,206,211,219,224,230,234,234,234,234
9,XIX,35091,3544707,0,11,33,65,97,160,215,253,295,311,312,312,312,312,312,312,312,312,312
15,XXIX,35151,3544806,0,0,0,2,2,3,4,5,5,6,7,9,10,12,12,13,13,13,13
8,XVIII,35082,3544905,0,0,0,0,1,2,2,2,2,2,3,3,3,3,3,6,7,7,7
1,VIII,35011,3545001,0,0,0,0,0,0,0,0,0,0,0,0,0,0,0,0,0,0,0
9,XIX,35091,3545100,4,11,22,51,85,125,156,184,208,211,219,223,243,252,260,264,266,266,266
10,XX,35103,3545159,0,0,2,3,3,4,5,5,7,7,8,8,8,9,9,9,9,9,9
16,XXXI,35163,3545209,0,0,0,2,3,3,4,8,10,15,18,20,28,35,41,44,48,49,49
16,XXXI,35163,3545308,0,0,0,1,1,1,1,1,1,1,1,1,1,1,1,1,1,1,1
9,XIII,35094,3545407,0,0,0,0,1,3,3,4,4,4,7,13,22,35,53,59,66,68,68
11,XXI,35112,3545506,0,1,2,5,9,15,22,33,42,59,73,94,118,139,156,162,163,164,164
15,XXIX,35151,3545605,1,2,6,13,21,36,49,58,77,93,104,110,123,129,139,149,157,159,159
15,XXX,35153,3545704,0,0,0,2,4,9,14,15,16,20,24,24,26,26,26,28,28,30,30
7,XVII,35072,3545803,11,28,44,68,92,116,152,190,222,301,376,435,494,551,606,654,702,752,752
17,XXVII,35171,3546009,0,0,0,0,0,0,0,1,1,1,1,1,1,1,1,1,1,1,1
15,XXX,35152,3546108,1,1,1,1,1,1,1,1,2,2,2,3,7,9,12,20,27,32,32
10,XX,35101,3546207,0,0,0,0,0,0,0,0,0,0,1,1,1,1,3,4,5,5,5
13,XXIV,35133,3546256,0,0,0,0,0,2,4,5,5,5,5,5,5,7,9,10,11,11,11
14,XXVI,35142,3546306,6,7,18,51,73,109,171,234,298,372,454,506,598,689,745,804,848,869,869
9,XIII,35094,3546405,1,1,1,1,1,2,4,4,4,8,11,11,13,14,16,16,17,17,17
3,XII,35033,3546504,2,6,12,20,33,50,76,85,97,106,111,112,114,117,119,122,124,126,126
15,XXX,35152,3546603,1,2,3,5,6,7,8,10,14,18,21,26,29,34,40,42,42,42,42
10,XX,35104,3546702,0,0,0,0,0,0,0,0,1,1,6,7,7,7,7,11,13,14,14
1,VIII,35011,3546801,0,0,0,0,0,0,1,1,1,1,1,1,2,2,2,2,2,2,2
3,XII,35031,3546900,0,0,1,1,2,2,2,3,4,4,4,4,4,4,4,4,4,4,4
10,XX,35103,3547007,0,0,0,0,0,1,1,1,1,1,1,1,1,1,1,1,1,1,1
11,XXII,35111,3547106,0,0,0,1,1,4,5,6,7,8,8,10,10,10,11,11,14,15,15
15,XXX,35153,3547205,0,0,0,0,0,0,0,0,0,0,0,0,0,0,0,0,0,0,0
1,X,35014,3547304,0,1,2,2,3,3,4,5,7,9,11,11,11,11,12,13,13,13,13
15,XXX,35152,3547403,0,0,0,0,0,0,0,0,0,0,0,0,0,0,0,0,0,0,0
13,XXIV,35132,3547502,2,6,13,22,36,56,81,105,136,163,179,205,233,257,294,330,359,381,381
13,XXIV,35132,3547601,0,2,7,11,15,20,30,41,57,66,75,89,110,134,145,148,152,154,154
15,XXX,35153,3547650,0,0,2,2,3,4,4,5,5,5,5,6,6,7,7,7,7,7,7
11,XXI,35112,3547700,0,1,2,3,8,21,49,72,103,131,168,192,233,265,295,317,333,338,338
1,VII,35015,3547809,0,0,0,2,2,2,3,4,4,6,6,6,6,9,9,9,9,9,9
13,XXIV,35133,3547908,0,0,0,0,0,0,0,1,1,1,1,1,1,2,3,3,3,4,4
7,XVII,35072,3548005,0,3,4,4,5,7,7,7,7,10,12,13,13,14,14,15,16,16,16
2,XI,35021,3548054,0,0,6,13,13,14,19,22,24,28,32,35,36,37,39,44,49,49,49
14,XXVI,35142,3548104,0,0,0,0,0,0,0,0,0,0,1,1,1,1,1,1,1,1,1
17,XXXIII,35174,3548203,0,0,0,0,0,0,0,0,0,0,0,0,0,0,0,0,0,0,0
11,XXI,35112,3548302,0,1,1,1,1,1,2,5,10,22,33,47,66,68,71,72,75,80,80
2,XI,35023,3548401,0,0,1,4,4,9,11,14,22,32,35,35,35,35,35,35,35,35,35
4,XXV,35041,3548500,2,4,5,7,11,17,22,29,34,41,46,49,50,52,55,55,55,55,55
17,XXXIII,35174,3548609,0,0,0,0,0,0,0,0,0,0,0,0,0,0,0,0,0,0,0
1,VII,35015,3548708,0,0,0,0,1,2,6,7,9,11,13,13,13,13,14,16,16,16,16
1,VII,35015,3548807,1,1,1,1,1,1,1,1,1,1,1,1,1,1,1,1,1,1,1
3,XII,35034,3548906,3,18,56,99,150,190,240,263,297,333,361,370,384,390,399,407,409,409,409
15,XXX,35153,3549003,0,0,0,0,0,0,0,1,1,1,1,1,2,2,2,5,5,5,5
14,XXVI,35142,3549102,12,42,82,134,191,261,372,456,530,634,715,765,818,842,849,852,860,862,862
15,XXX,35154,3549201,4,5,7,12,20,31,44,52,59,63,72,74,76,76,76,76,76,76,76
15,XXX,35154,3549250,0,2,6,9,16,26,39,53,63,66,67,70,70,70,70,70,70,70,70
11,XXII,35111,3549300,0,0,0,0,1,4,8,10,14,24,31,45,59,67,85,85,85,88,88
8,XVIII,35082,3549409,1,1,4,7,14,19,35,46,53,60,65,67,67,67,67,67,67,67,67
8,XVIII,35081,3549508,0,0,0,0,0,0,0,0,0,0,0,0,0,0,0,0,0,0,0
17,XXXIII,35172,3549607,0,0,0,0,0,0,0,0,0,0,0,0,0,1,1,2,3,4,4
14,XXVI,35143,3549706,3,6,9,17,23,28,30,34,37,46,58,79,103,126,155,184,196,203,203
15,XXIX,35155,3549805,92,206,384,611,940,1315,1725,2129,2529,2966,3420,3572,3667,3721,3777,3822,3843,3857,3857
17,XXVII,35171,3549904,1,2,9,13,19,26,34,43,57,81,102,119,137,164,180,200,220,228,228
1,X,35013,3549953,0,0,0,0,0,0,0,0,0,0,0,0,0,0,0,0,0,0,0
17,XXXIII,35174,3550001,0,0,0,0,0,0,0,0,0,0,0,0,1,1,1,1,1,1,1
6,XVI,35063,3550100,0,1,1,2,6,7,9,11,11,12,15,15,15,16,18,18,20,20,20
16,XXXI,35161,3550209,0,0,0,0,0,0,0,0,0,0,0,0,0,0,0,0,0,0,0
1,I,35016,3550308,55,126,179,242,338,443,578,697,805,928,1031,1090,1184,1246,1323,1381,1446,1476,1476
10,XX,35103,3550407,9,26,40,73,105,153,247,303,392,490,578,633,703,736,778,808,814,816,816
9,XIII,35094,3550506,0,0,0,0,0,0,0,1,1,3,8,13,19,23,26,27,28,30,30
16,XXXI,35163,3550605,0,0,0,0,1,1,1,1,1,1,2,2,2,2,4,4,6,10,10
17,XXVIII,35173,3550704,6,7,10,17,23,31,45,51,54,68,75,84,87,95,100,114,118,131,131
14,XXVI,35143,3550803,0,0,0,0,0,0,0,0,0,0,0,0,4,7,7,7,7,7,7
13,XXIV,35132,3550902,15,35,51,78,114,127,128,128,132,136,136,137,138,139,141,145,145,145,145
4,XXV,35041,3551009,0,0,6,6,12,18,20,21,21,23,25,26,26,26,26,27,28,28,28
16,XXXI,35161,3551108,0,0,0,0,0,0,0,0,0,0,0,2,2,2,2,2,2,2,2
6,XVI,35061,3551207,0,0,0,0,0,0,0,0,0,0,0,0,0,0,0,0,0,0,0
15,XXIX,35157,3551306,2,2,3,9,20,26,36,39,48,56,65,67,70,73,73,74,74,75,75
13,XXIV,35132,3551405,0,0,1,1,1,2,2,3,5,8,11,13,15,15,15,15,15,16,16
13,XXIV,35132,3551504,0,0,1,2,3,5,10,12,14,16,17,18,23,26,29,32,35,35,35
7,XVII,35074,3551603,1,1,1,2,2,2,2,3,3,3,3,3,5,5,5,5,5,5,5
13,XXIV,35131,3551702,80,175,299,515,759,1012,1236,1429,1609,1753,1844,1894,1952,2006,2059,2110,2159,2183,2183
12,XXIII,35121,3551801,15,70,209,260,290,304,318,322,324,329,330,330,330,330,330,330,330,330,330
5,XIV,35051,3551900,0,0,0,0,5,6,6,7,9,11,14,17,19,19,19,19,19,19,19
17,XXXIII,35172,3552007,0,0,0,3,4,5,5,5,5,6,7,7,7,7,7,7,7,7,7
7,XVII,35071,3552106,0,0,0,0,1,1,1,1,1,2,4,6,7,7,8,8,9,9,9
16,XXXI,35163,3552205,4,14,40,91,143,211,345,467,586,711,860,949,1062,1168,1265,1379,1449,1509,1509
2,XI,35022,3552304,0,0,0,1,6,9,14,14,19,22,30,37,42,48,52,63,71,76,76
7,XVII,35072,3552403,12,25,49,69,95,122,151,182,237,286,311,330,370,396,429,454,478,500,500
1,VIII,35011,3552502,3,4,5,7,7,7,8,9,12,17,17,19,19,20,20,20,20,20,20
2,XI,35022,3552551,0,0,0,0,0,0,2,2,4,6,6,7,8,9,10,10,11,11,11
15,XXIX,35151,3552601,1,2,7,17,30,52,66,74,92,101,117,126,140,155,166,173,188,195,195
3,XII,35032,3552700,0,0,0,0,0,0,4,4,4,4,9,9,10,10,10,10,10,10,10
1,X,35013,3552809,0,0,0,1,2,2,2,2,2,2,2,2,2,4,4,4,4,4,4
11,XXI,35112,3552908,0,0,0,0,0,0,0,1,2,3,4,4,6,8,12,12,12,14,14
6,XVI,35061,3553005,0,0,0,0,0,0,0,0,0,0,0,0,1,1,1,1,2,5,5
5,XIV,35052,3553104,0,2,2,2,2,2,2,2,2,2,2,2,2,2,2,2,2,2,2
5,XIV,35052,3553203,0,0,0,0,1,1,2,4,8,10,13,19,23,28,29,30,30,33,33
14,XXVI,35142,3553302,0,1,5,15,25,40,57,69,93,129,158,194,243,288,339,387,433,460,460
15,XXIX,35155,3553401,2,4,9,14,28,46,78,105,142,172,203,219,245,288,307,338,363,393,393
16,XXXI,35163,3553500,0,0,0,0,0,0,0,0,0,0,0,0,0,0,0,0,0,0,0
14,XXVI,35143,3553609,0,0,0,0,7,23,34,47,64,88,101,116,140,158,178,215,249,259,259
5,XIV,35052,3553658,0,0,0,0,0,0,0,0,0,1,1,1,2,3,3,3,3,3,3
3,XII,35033,3553708,3,13,29,60,93,120,153,170,191,199,201,204,214,226,234,244,256,267,267
6,XVI,35061,3553807,0,0,0,0,0,0,0,0,0,0,0,0,0,0,0,0,0,0,0
16,XXXII,35162,3553856,0,0,0,0,0,0,0,0,0,0,0,0,0,0,0,0,0,0,0
11,XXI,35112,3553906,0,0,0,0,3,21,34,58,91,114,138,157,181,208,221,233,247,252,252
9,XIII,35092,3553955,0,0,0,1,2,7,11,15,22,32,37,49,65,83,95,103,106,110,110
16,XXXI,35161,3554003,0,0,0,1,2,2,3,3,6,8,10,10,15,21,36,59,75,107,107
17,XXXIII,35174,3554102,7,13,34,68,107,174,299,406,529,692,821,926,1049,1151,1222,1293,1339,1367,1367
6,XVI,35061,3554201,0,0,0,0,0,0,0,0,0,0,0,0,0,0,0,0,0,0,0
11,XXII,35115,3554300,2,5,10,25,43,76,99,133,164,216,247,263,281,299,310,319,327,332,332
5,XIV,35052,3554409,0,0,1,2,2,2,2,3,3,3,3,3,3,3,3,3,3,3,3
16,XXXI,35163,3554508,0,0,0,0,0,0,0,0,1,5,6,6,6,6,6,6,6,6,6
9,XIII,35094,3554607,0,0,0,0,0,0,0,0,0,0,0,0,0,0,0,0,0,0,0
6,XVI,35063,3554656,0,0,0,0,0,0,0,0,0,0,0,0,0,0,0,0,0,0,0
6,XV,35064,3554706,0,0,0,0,0,0,0,0,0,1,1,1,1,1,1,1,1,1,1
3,XII,35031,3554755,5,7,12,18,32,45,66,77,80,81,82,83,83,83,83,83,83,83,83
17,XXXIII,35174,3554805,1,1,1,1,2,2,4,10,19,28,43,50,54,56,66,71,75,77,77
15,XXX,35152,3554904,0,0,0,0,0,0,0,0,0,0,0,0,0,0,0,0,0,0,0
7,XVII,35071,3554953,0,0,0,0,0,0,0,0,0,0,0,0,0,0,0,0,0,0,0
9,XIX,35095,3555000,5,16,29,45,62,101,149,188,232,289,327,373,409,434,457,491,519,540,540
11,XXII,35111,3555109,1,3,17,40,72,112,166,201,253,311,366,421,500,574,621,667,685,697,697
2,XI,35023,3555208,0,0,1,1,2,2,2,2,2,3,3,4,9,15,23,35,42,62,62
15,XXX,35154,3555307,1,2,6,14,18,29,33,35,35,36,36,36,37,37,37,37,37,37,37
15,XXIX,35156,3555356,0,0,1,5,7,9,13,15,27,34,43,53,56,59,66,82,84,84,84
17,XXVIII,35173,3555406,1,3,4,6,7,11,19,23,34,44,59,60,63,76,84,92,102,106,106
9,XIX,35093,3555505,0,0,0,0,0,0,0,0,0,0,0,0,0,0,0,0,0,0,0
15,XXIX,35155,3555604,0,1,3,3,3,4,8,10,10,10,10,10,10,10,10,11,11,11,11
15,XXIX,35156,3555703,0,0,0,0,0,0,0,0,0,0,0,0,0,0,0,0,0,0,0
15,XXX,35153,3555802,24,50,76,117,170,244,312,355,423,470,496,534,549,565,568,568,568,568,568
6,XV,35065,3555901,0,0,0,0,0,0,0,0,0,0,0,0,0,0,0,0,0,0,0
15,XXIX,35151,3556008,1,8,23,39,50,71,80,83,93,98,100,101,102,106,107,107,107,107,107
15,XXIX,35157,3556107,2,8,23,43,75,132,157,172,175,177,181,185,187,190,194,201,206,208,208
7,XVII,35072,3556206,0,2,2,4,5,6,9,11,13,18,24,29,30,30,31,35,35,35,35
2,XI,35021,3556305,11,23,59,159,270,427,629,763,850,911,964,1026,1064,1096,1121,1150,1161,1171,1171
7,XVII,35071,3556354,0,0,0,0,0,0,0,0,0,0,0,0,0,0,0,0,0,0,0
14,XXVI,35142,3556404,1,2,4,5,5,6,12,15,22,31,33,38,54,61,80,103,118,131,131
1,X,35013,3556453,0,0,0,0,0,0,0,0,0,0,0,0,0,0,0,0,0,0,0
7,XVII,35073,3556503,0,0,0,0,2,2,5,5,6,7,10,10,10,10,11,11,11,11,11
9,XIX,35093,3556602,0,0,0,0,0,3,5,12,21,32,45,49,60,83,102,117,131,131,131
7,XVII,35072,3556701,1,1,2,4,5,5,6,10,10,11,15,16,16,16,17,18,18,18,18
5,XIV,35052,3556800,0,0,0,0,0,1,6,8,11,13,15,16,17,17,17,18,19,19,19
5,XIV,35052,3556909,0,0,1,1,2,2,2,2,3,3,4,4,4,4,4,4,4,4,4
15,XXX,35153,3556958,3,8,12,17,30,65,96,103,110,117,125,125,127,129,129,129,129,129,129
16,XXXI,35163,3557006,0,0,2,6,7,9,17,22,28,40,56,67,91,96,103,113,121,128,128
15,XXIX,35157,3557105,341,821,1555,2479,3384,4571,5693,6463,7151,7667,8074,8252,8399,8498,8567,8638,8698,8737,8737
15,XXIX,35156,3557154,0,0,0,0,0,0,1,1,1,3,3,3,3,3,3,3,3,3,3
9,XIII,35094,3557204,0,0,0,0,0,0,0,1,1,1,1,1,4,5,7,7,8,8,8
14,XXVI,35141,3557303,0,0,0,0,0,1,1,1,2,2,2,2,3,3,5,5,5,5,5
